<!-- 编辑使用 XMLSpy v2006 U (http://www.altova.com) 由 any (any) -->
<!-- 编辑使用 XMLSpy v2006 U (http://www.altova.com) 由 any (any) -->
<!-- 编辑使用 XMLSpy v2006 U (http://www.altova.com) 由 any (any) -->
<!-- 编辑使用 XMLSpy v2006 U (http://www.altova.com) 由 any (any) -->
<body>
<h>枪械简介</h>
<p>95式自动步枪于1989年提出研制指标要求，于1995年设计定型；命名为95式5.8mm口径自动步枪（QBZ-95-1，QBZ为源自官方翻译的拼音“轻武器—步枪—自动”（Qingwuqi Buqiang Zidong）的类别代码），由中国北方工业集团公司研制的突击步枪，属于95式枪族的一部分，为目前中国人民解放军的制式步枪之一。</p>
<p>95式是中国研制的第二种小口径步枪(第一种为87式步枪)，也是解放军第一种大规模列装部队的小口径自动步枪，在1997年中国人民解放军驻香港部队进驻香港时作为驻港部队的制式武器之一第一次公开露面。</p>
<p>95式采用了无托结构（Bullpup），自动方式为导气式，闭锁结构采用了回转式闭锁。发射状态可以在单、连发之间调节，机械瞄准具为觇孔式照门。外部材料大量使用了工程塑料，这使得在外形上与以前苏系风格浓郁的中国造枪械如81式等完全不同，此外它使用的枪弹并非7.62 × 39 毫米，为中国自行研制的5.8 × 42毫米（DBP87式枪弹）。</p>
<p>95式自动步枪可加挂能快速拆卸的35毫米口径榴弹发射器；配有白光瞄准镜和微光瞄准镜，微光瞄准镜可在夜间弱光条件下对200米以内生动目标精确瞄准。配多功能刺刀可快速装卸。</p>
<h>优缺点</h>
<h1>优点</h1>
<p>稳定性好；精确度高；枪身较短；携带方便使其可全天候作战；5.8毫米弹药可在100米内击穿8毫米钢板并仍带微弱杀伤力，杀伤力大。</p>
<h1>缺点</h1>
<p>无法进行模块化扩展；准镜及准线过高；夜瞄装置能力较弱；加装榴弹发射器后操作不便；无法快速切换快慢机；射击火焰、烟雾、弹壳影响作战人员；无空仓挂机功能；枪身过短不适合白刃战。</p>
	

</body>
