<!-- 编辑使用 XMLSpy v2006 U (http://www.altova.com) 由 any (any) -->
<!-- 编辑使用 XMLSpy v2006 U (http://www.altova.com) 由 any (any) -->
<!-- 编辑使用 XMLSpy v2006 U (http://www.altova.com) 由 any (any) -->
<!-- 编辑使用 XMLSpy v2006 U (http://www.altova.com) 由 any (any) -->
<body>
	<h>基础概要</h>
	<p>类型：突击步枪</p>
	<p>原产国：苏联</p>
	<p>服役期间：1951年－现在</p>
	<p>用户：华沙条约组织、前苏联成员、其他</p>
	<p>研发者：卡拉什尼科夫</p>
	<p>生产商：伊热夫斯克机器制造厂（Izhmash）、图拉兵工厂</p>
	<p>制造数量：超过1亿</p>
	<p>衍生型：AKM、AK-74、AK-100系列、RPK</p>
	<p>总重：空枪：4.3 公斤（9.5 磅）</p>
	<p>全长：固定型：870毫米（34.3 英吋）；折叠型展开：875 毫米（34.4 英吋）；折叠型折叠：645 毫米（25.4 英吋）</p>
	<p>枪管长度：415 毫米（16.3 英吋）</p>
	<p>弹药：7.62 × 39 毫米（M1943）</p>
	<p>枪机种类：气动式、转拴式枪机</p>
	<p>发射速率：600 发/分钟</p>
	<p>枪口初速：710 米/秒</p>
	<p>有效射程：300 米（328.08 码）</p>
	<p>最大射程：400 米（437.45 码）</p>
	<p>供弹方式：30、40发弹匣，75、100发弹鼓</p>
	<p>瞄准具型式：金属机械照门（可调节），378 毫米（14.9 英吋）瞄准基线</p>
	<h>设计与生产</h>
	<p>AK系列就是在1944年就开始设计。1946年，卡拉什尼科夫基于二次大战时期德国MP44——中间型威力枪弹的半自动步枪的构想，设计了一种采用回转式闭锁枪机、可连发射击的样枪（称为AK-46），成为此后AK系列枪械的原型。经过一系列试验，包括在风沙泥水等恶劣环境中严格测试，改进了导气装置与活塞系统，终而完成AK-47。</p>
	<p>有一些说法称卡拉什尼科夫借鉴了如下枪的设计：布尔基纳的TKB-415 ，AS-44或是西蒙诺夫的AVS-31 Gordon Williamson甚至说STG-44影响了AK-47，这说法当然不可信但至少有证据表明雨果-施梅瑟，战后“协助”过卡氏的工作。</p>
	<p>1947年，被选中定为苏联军队制式装备；1949年，最终定型并正式在伊热夫斯克军工厂量产。1951年，开始装备前苏联军队，以取代SKS。1953年，机匣生产工艺由冲压变更为机械加工，开始大量装备前苏联军队。从1950年代到1980年代，是前苏联军队和华沙条约组织国家军队制式装备。在1980年代，小口径版本AK-74系列装备前苏联军队后，AK-47系列渐渐从苏军前线装备中退出。</p>
	<h>特色</h>
	<p>AK-47属于突击步枪，与第二次世界大战时期的步枪相比，枪身短小、射程较短，适合较近距离的战斗。采用气动式自动原理，导气管位于枪管上方，通过活塞推动枪机动作，回转式闭锁枪机。</p>
	<p>AK-47发射7.62 × 39 毫米1943中间型威力枪弹，由容量为30发子弹的弧形弹匣供弹，保险／快慢机柄在机匣右侧，可以选择半自动或者全自动的发射方式，拉机柄位于机匣右侧。AK-47的枪机动作可靠，即使在连续射击时或有灰尘等异物进入枪内时，它的机械结构仍能保证继续正常运作，并可以在沙漠、热带雨林、严寒等极度恶劣的环境下保持相当好的效能，而且它的结构简单，分解容易、易于清洁和维修、操作简便。</p>
	<p>AK-47主要缺点是由于全自动射击时枪口上扬严重，枪机框后座时撞击机匣底，其枪机抛壳口的设计令其较难安装皮卡汀尼导轨，机匣盖的设计导致瞄准基线较短，瞄准具设计不理想等等缺陷，大大影响射击精度，300米以外难以准确射击，连发射击精度更低，实际上它只可以满足以遭遇战为主的较近距离上战斗的要求。</p>
	<p>另外世界各地有许多生产者生产AK-47其质量千差万别，如日本佣兵高部正树回忆罗马尼亚产的AK-47十分难操作且枪管长时间射击会变弯，对其评价不高，且任何一本AK的操作手册上都会明确指出要经常擦枪，防止沙尘进入枪身。简氏曾经就SA80在阿富汗暴露的可靠性问题评论说：“步枪处在浓密的尘埃中……不能长久使用……甚至最可靠的AK-47也同样如此。”</p>
	<h>实战与产出</h>
	<p>AK-47系列步枪名闻天下是在1960年代的越南战争，AK-47和其中国的仿制品56式大规模地武装越南正规军和游击队，足以证明这种自动武器在丛林环境中深受士兵信赖。</p>
	<p>在越南战争初期，据说不少美国士兵丢弃不适应热带雨林恶劣条件下笨重的M14自动步枪或者因清理套件不足且清枪训练不足而故障频出的早期型M16突击步枪，转而使用战场上缴获的AK-47，因为AK-47系列步枪拥有非常优良的可靠性（卡弹的比率较M16低很多）和容易操作而密集的火力；但这种说法在倾向于捧俄贬美的共产国家里有被夸大的可能，因为大量例子表明美国人M16故障后的做法是排除故障。美国也没有生产AK-47专用的子弹。而越南人也大量使用从美军与南越军缴获的美制武器，比如M16。</p>
	<p>到了海湾战争和伊拉克战争时拿AK-47，更象是一种收集战利品的行为而不是作战需要。在伊拉克战争中萨达姆·侯赛因政权被推翻后，由美国代为受训的伊拉克新军既使用美制枪械也使用AK-47。</p>
	<p>以色列与周边伊斯兰国家和圣战组织长年的争斗中，埃及、叙利亚等国的军队也广泛使用AK-47，而AK-47也是伊斯兰圣战组织（如真主党、哈玛斯）的典型武器；当以军获胜时，部分的以色列士兵缴获了敌方的AK-47，并投入位于西奈半岛、约旦河西岸、加沙地带、戈兰高地、黎巴嫩等地的战斗中。</p>
	<p>世界上至少有82个国家装备AK-47系列，苏联将AK-47系列步枪及其制造技术输出到世界各地。由于AK-47令人惊诧简单结构、坚实耐用、使用灵活方便与黑市价格便宜，其可靠性甚至令其他AK的改进型无法与之相提并论，因些许多第三世界国家甚至西方国家的军队或者反政府武装都广泛使用AK-47系列步枪，某些地区冲突的各方都经常装备AK-47系列。</p>
	<p>此外，世界上有许多国家进行了仿制或特许生产AK系列，其中包括；东德、捷克斯洛伐克、前南斯拉夫、匈牙利、中国、波兰、罗马尼亚、保加利亚、埃及、古巴、朝鲜等，现今仍在生产。AK-47的设计思路也影响了以色列、芬兰、中国等多个国家的步枪设计路线。</p>
	<p>AK-47系列步枪是使用最广泛的步枪武器之一，其广泛程度在轻武器历史上可能只有马克沁机枪、毛瑟Kar98k步枪和勃朗宁大威力手枪可以与之相比，而卡拉什尼科夫则因为AK系列步枪在世界范围内的广泛使用也被誉为“世界枪王”。但因苏联并无专利制度，除奖励外，卡拉什尼科夫说他本人没有从AK-47中赚入任何专利费，否则已经是亿万富翁了。</p>
	<p>在1970年代，民间有这样一句俏皮话：“美国出口的是可口可乐，日本出口的是索尼电器，而苏联出口的是卡拉什尼科夫（意指AK系列）。”但根据原苏联的统计，全球范围内的AK-47系列自动步枪中，9成是仿制品，真正产地是前苏联的仅有10%左右。</p>
	<p>按不同统计AK系列包括了无照的仿制品，产量从三千万到一亿不等，可能是历来累积产量最多的枪械。</p>
	<h>AK-47的型号及衍生型</h>
	<h1>AK-47 1948年－51年</h1>
	<p>AK-47的最早期版本，称为第1型，机匣采用压削方法生产。</p>
	<h1>AK-47 1952年</h1>
	<p>改进版本，压削机匣、木制枪托及护木、枪管镀铬以抵抗腐蚀，重4.2公斤，产量很少，很快就被第3型所取代。</p>
	<h1>AK-47 1953年</h1>
	<p>改进版本，改进了第2型的枪托连接方式，简化了机匣的机械加工方法，使之便于量产。</p>
	<h1>AKS-47</h1>
	<p>AKS-47亦被称为AK-47S，是AK-47的金属折叠枪托版本。</p>
	<h1>AKMSU</h1>
	<p>AKMSU是装有金属折叠枪托的AKMS短枪管型，产量极少（比后来的AKS-74U更少），主要装备当时的特种部队使用。</p>
	<h1>AK-74</h1>
	<p>AK-74突击步枪是AK-47系列的5.45 × 39毫米小口径改进型，是前苏联装备的第一种小口径步枪，也是世界上大规模装备部队的第二种小口径步枪（第一种是美国的M16），首次露面是在1974年11月7日的莫斯科红场阅兵仪式上。在1980年代是前苏联军队制式装备，很多国家也特许生产和装备。可下挂GP-25榴弹发射器（类似M16下挂的M203榴弹发射器）。</p>
	<h1>AKS-74U卡宾枪</h1>
	<p>AK-74的大幅度缩短型，使用折叠式的枪托，远不只是枪管，连护木和机匣甚至机械结构也大大修改，至比早期的冲锋枪还短的构造。并装有特制的大型消炎器减轻了枪口的火光和后座力。</p>
	<h1>PP-19野牛冲锋枪</h1>
	<p>AKS-74U卡宾枪发展出来的冲锋枪，改为发射手枪子弹，而在构造和外观上大幅度修改过。</p>
	<h1>RPK</h1>
	<p>RPK（РПК，Ручной Пулемёт Калашников）：在AKM突击步枪的基础上发展的班用轻机枪，RPK是“卡拉什尼科夫轻机枪”的缩写。装有长枪管，折叠式两脚架，通用30／40发AK-47弹匣或75发弹鼓，重量为5.6公斤。后来更推出了RPK-74。</p>
	<h1>AK-101／102</h1>
	<p>AK-101/102是AK-74的现代化版本，发射北约5.56 × 45毫米弹药，AK-102为短枪管版本。</p>
	<h1>AK-103／104</h1>
	<p>现代化版本，发射7.62 × 39毫米弹药，AK-104为短枪管版本。</p>
	<h1>AK-105</h1>
	<p>现代化版本，发射5.45 × 39毫米弹药，短枪管。</p>
	<h1>AK-107／108／109</h1>
	<p>现代化版本，发射5.45 × 39毫米弹药，AK-108为发射5.56 × 45毫米版本，AK-109为发射7.62 × 39毫米版本。</p>
	<h1>AK-9</h1>
	<p>在2007年8月公开，发射9 × 39毫米弹药，短枪管。</p>
	<h1>AK-200</h1>
	<p>最新型号，在2010年公开，发射5.45 × 39毫米弹药，可选择利用机匣左侧装上的瞄准镜导轨或机匣顶部的机匣盖上的战术导轨装上光学瞄准镜。</p>
	<h>罪犯装备</h>
	<p>由于AK-47系列在各地市场（不论合法及黑市）价格便宜，因此经常成为罪犯用于犯罪的武器。</p>
	<h1>民间犯罪</h1>
	<p>美国：1980年代，美国毒品犯罪分子经常使用AK-47系列步枪，在虚构的影视剧情节中也经常出现。对公众造成的心理影响，导致美国在1989年立法禁止进口AK-47系列步枪，理由是拥有几个所谓的“突击武器”的外形特征。</p>
	<p>香港：AK-47一度是匪徒爱用的枪支[11]。过去，香港警察的佩枪主要用于防卫用途，所以只配备.38口径M10左轮手枪。及至1990年代中期，叶继欢、季炳雄、张子强等悍匪不断在香港做案，当中包括械劫和绑架案，并配备了具强大火力的AK-47，一度使香港警方束手无策。后来，经过改善火力，以及加强情报等各部门的配套，才把局势扭转，进而把匪徒绳之于法。</p>
	<h>武装份子及恐怖组织</h>
	<p>在AK-47系列推出后，由于极为便宜、易于操作及良好的可靠性，令其经常成为武装份子及恐怖组职的常用武器，亦多次在恐怖活动中出现。</p>
	<p>在盖达组织已故创始人奥萨玛·宾·拉登自拍的宣传影带中，手上总是离不开一支AKS-74U，成为有效威吓美苏强权的象征。后来在非洲、中东、中亚、车臣、拉丁美洲与东南亚等地的分离主义武装团体中，AK-47几乎与他们的武装实力画上等号。</p>
</body>
